OLD SUBJECT,MAPS TO TOPIC,MAPS TO AUSTRIAN SCHOOL,,New: Topics,New: Austrian School
Anarchy,—,Political Theory,,Big Government,Business Cycles
Austrian Methodology for the Social Sciences,—,Philosophy and Methodology,,Biographies,Calculation and Knowledge
Biographical: Personal and Intellectual,Biographies,—,,Booms and Busts,Capital and Interest Theory
Capital and Interest,—,Capital and Interest Theory,,Education,Factors of Production
"Competition, Monopoly, and the Firm",—,Monopoly and Competition,,Financial Markets,Fiscal Theory
Economic History,Global History,—,,Global Economy,History of the Austrian School of Economics
Education,Education,—,,Health,Interventionism
Entrepreneurship,The Entrepreneur,Entrepreneurship,,Legal System,Monetary Theory
History,—,—,,Money and Banks,Monopoly and Competition
Intellectual History,World History,—,,Taxes and Spending,Other Schools of Thought
Law,Legal System,Political Theory,,The Environment,Political Theory
Liberty,—,Political Theory,,The Fed,Praxeology
Literature and the Arts,Media and Culture,—,,The Police State,Prices
"Medicine, Psychology and Psychiatry",Health,—,,U.S. Economy,Subjectivism
Methodological Foundations,—,Philosophy and Methodology,,U.S. History,Value and Exchange
Money and Banking,Money and Banks,Money and Banking,,War and Foreign Policy,Austrian Economics Overview
Overview of the Austrian School of Economics,—,Austrian Economics Overview,,,
Philosophical Foundations,—,Philosophy and Methodology,,,
Political Philosophy,—,Political Theory,,,
Property,Legal System,Political Theory,,,
Sociology,—,Praxeology,,,
State Theory,—,Political Theory,,,
The Business Cycle,Booms and Busts,Business Cycles,,"
","
"
The Calculation Debate,—,Calculation and Knowledge,,,
The History of Economic Thought,—,Other Schools of Thought,,,
The Mixed Economy,—,Interventionism,,,
War and Foreign Policy,War and Foreign Policy,—,,,